"path","category","why_keep","used_by","safe_to_share","large_file","notes"
"Output/csv/.gitkeep","current_supporting","CSV is referenced by active code/docs/registers.","docs","yes","False",""
"Output/csv/03_modis_ground_cover_context_full.csv","current_review_deck_asset","Current review/deck asset or referenced by deck register.","deck_asset_register","yes","False",""
"Output/csv/03_modis_ground_cover_management_zone_summary.csv","current_supporting","CSV is referenced by active code/docs/registers.","docs","yes","False",""
"Output/csv/03_modis_ground_cover_monthly_farm_buffer_summary.csv","current_supporting","CSV is referenced by active code/docs/registers.","docs","yes","False",""
"Output/csv/03_modis_ground_cover_prepost_summary.csv","current_supporting","CSV is referenced by active code/docs/registers.","active_script","yes","False",""
"Output/csv/03_modis_ground_cover_seasonal_summary.csv","current_supporting","CSV is referenced by active code/docs/registers.","docs","yes","False",""
"Output/csv/03_modis_ground_cover_water_year_summary.csv","current_supporting","CSV is referenced by active code/docs/registers.","active_script","yes","False",""
"Output/csv/04c_fractional_cover_full.csv","current_canonical","Named canonical output in current docs/run-order.","active_script","yes","False",""
"Output/csv/05b_MER_plot_inundation_dynamic_metrics.csv","current_review_deck_asset","Current review/deck asset or referenced by deck register.","deck_asset_register","yes","False",""
"Output/csv/05b_MER_plot_inundation_monthly_seasonal_max.csv","current_supporting","CSV is referenced by active code/docs/registers.","active_script","yes","False",""
"Output/csv/05c_landsat_inundation_full.csv","current_canonical","Named canonical output in current docs/run-order.","active_script","yes","False",""
"Output/csv/06c_daily_inundation_full.csv","current_canonical","Named canonical output in current docs/run-order.","active_script","yes","False",""
"Output/csv/07f_pre_post_inundation_plot_summary_fixed.csv","current_canonical","Named canonical output in current docs/run-order.","active_script","yes","False",""
"Output/csv/10a_ground_cover_prepost_group_summary.csv","current_canonical","Named canonical output in current docs/run-order.","docs","yes","False",""
"Output/csv/10a_ground_cover_prepost_group_summary_interpretation.csv","current_supporting","CSV is referenced by active code/docs/registers.","docs","yes","False",""
"Output/csv/10a_ground_cover_prepost_model_summary.csv","current_canonical","Named canonical output in current docs/run-order.","docs","yes","False",""
"Output/csv/10a_ground_cover_prepost_plot_summary.csv","current_canonical","Named canonical output in current docs/run-order.","deck_asset_register","yes","False",""
"Output/csv/10a_ground_cover_prepost_plot_summary_interpretation.csv","current_review_deck_asset","Current review/deck asset or referenced by deck register.","deck_asset_register","yes","False",""
"Output/csv/background_inundation_frequency_by_plot.csv","current_review_deck_asset","Current review/deck asset or referenced by deck register.","deck_asset_register","yes","False",""
"Output/csv/candidate_dashboard_set_for_review_updated.csv","current_supporting","CSV is referenced by active code/docs/registers.","docs","yes","False",""
"Output/csv/curated_annual_inundation_timeseries.csv","current_canonical","Named canonical output in current docs/run-order.","deck_asset_register","yes","False",""
"Output/csv/curated_daily_inundation_monthly.csv","current_canonical","Named canonical output in current docs/run-order.","active_script","yes","False",""
"Output/csv/curated_ground_cover_timeseries.csv","current_canonical","Named canonical output in current docs/run-order.","deck_asset_register","yes","False",""
"Output/csv/gauge_context_for_gayini.csv","current_review_deck_asset","Current review/deck asset or referenced by deck register.","deck_asset_register","yes","False",""
"Output/csv/gauge_data_completeness_for_gayini.csv","current_review_deck_asset","Current review/deck asset or referenced by deck register.","deck_asset_register","yes","False",""
"Output/csv/ground_cover_treed_plot_sensitivity.csv","current_review_deck_asset","Current review/deck asset or referenced by deck register.","deck_asset_register","yes","False",""
"Output/csv/inundation_frequency_by_vegetation_group.csv","current_review_deck_asset","Current review/deck asset or referenced by deck register.","deck_asset_register","yes","False",""
"Output/csv/matched_year_candidate_ranking.csv","current_review_deck_asset","Current review/deck asset or referenced by deck register.","deck_asset_register","yes","False",""
"Output/csv/matched_year_gauge_context.csv","current_supporting","CSV is referenced by active code/docs/registers.","docs","yes","False",""
"Output/csv/MER/flow_mer_repo_comparison_table_20260627.csv","current_mer_report_or_table","Current MER table/report output.","docs","yes","False",""
"Output/csv/MER/gayini_mer_raster_gap_census_20260627.csv","current_mer_report_or_table","Current MER table/report output.","docs","yes","False",""
"Output/csv/MER/mer_adrian_questions.csv","current_mer_report_or_table","Current MER table/report output.","docs","yes","False",""
"Output/csv/MER/mer_annual_max_by_plot.csv","current_mer_report_or_table","Current MER table/report output.","active_script","yes","False",""
"Output/csv/MER/mer_input_files_inventory.csv","current_mer_report_or_table","Current MER table/report output.","docs","yes","False",""
"Output/csv/MER/mer_keep_defer_archive_decisions.csv","current_mer_report_or_table","Current MER table/report output.","docs","yes","False",""
"Output/csv/MER/mer_metric_definitions.csv","current_mer_report_or_table","Current MER table/report output.","docs","yes","False",""
"Output/csv/MER/mer_output_files_inventory.csv","current_mer_report_or_table","Current MER table/report output.","docs","yes","False",""
"Output/csv/MER/mer_period_summary_by_plot.csv","current_mer_report_or_table","Current MER table/report output.","active_script","yes","False",""
"Output/csv/MER/mer_period_summary_by_vegetation_group.csv","current_mer_report_or_table","Current MER table/report output.","active_script","yes","False",""
"Output/csv/MER/mer_raster_input_census_production.csv","current_mer_report_or_table","Current MER table/report output.","active_script","yes","False",""
"Output/csv/MER/mer_raster_input_summary_by_water_year.csv","current_mer_report_or_table","Current MER table/report output.","active_script","yes","False",""
"Output/csv/MER/mer_raster_output_manifest.csv","current_mer_report_or_table","Current MER table/report output.","active_script","yes","False",""
"Output/csv/MER/mer_raster_review_figure_manifest.csv","current_mer_report_or_table","Current MER table/report output.","docs","yes","False",""
"Output/csv/MER/mer_recommended_figures.csv","current_mer_report_or_table","Current MER table/report output.","docs","yes","False",""
"Output/csv/MER/mer_vs_annual_occurrence_agreement_summary.csv","current_mer_report_or_table","Current MER table/report output.","active_script","yes","False",""
"Output/csv/MER/mer_vs_annual_occurrence_plot_review_flags.csv","current_mer_report_or_table","Current MER table/report output.","active_script","yes","False",""
"Output/csv/MER/mer_vs_annual_occurrence_raster_comparison_by_plot.csv","current_mer_report_or_table","Current MER table/report output.","active_script","yes","False",""
"Output/csv/MER/mer_vs_annual_occurrence_raster_comparison_summary.csv","current_mer_report_or_table","Current MER table/report output.","active_script","yes","False",""
"Output/csv/MER/raster_build/flow_mer_vs_gayini_rs_data_census.csv","current_mer_report_or_table","Current MER table/report output.","active_script","yes","False",""
"Output/csv/MER/raster_build/mer_raster_smoke_test_plot_qa.csv","current_mer_report_or_table","Current MER table/report output.","docs","yes","False",""
"Output/csv/mer_metric_comparison_table.csv","current_review_deck_asset","Current review/deck asset or referenced by deck register.","deck_asset_register","yes","False",""
"Output/csv/mer_metric_keep_defer_decision_table.csv","current_review_deck_asset","Current review/deck asset or referenced by deck register.","deck_asset_register","yes","False",""
"Output/csv/modis_context_units_summary.csv","current_supporting","CSV is referenced by active code/docs/registers.","docs","yes","False",""
"Output/csv/modis_fractional_cover_summary.csv","current_supporting","CSV is referenced by active code/docs/registers.","docs","yes","False",""
"Output/csv/plot_context_flag_summary.csv","current_review_deck_asset","Current review/deck asset or referenced by deck register.","deck_asset_register","yes","False",""
"Output/csv/plot_context_flags.csv","current_review_deck_asset","Current review/deck asset or referenced by deck register.","deck_asset_register","yes","False",""
"Output/csv/plot_rs_analysis_base.csv","current_canonical","Named canonical output in current docs/run-order.","docs","yes","False",""
"Output/csv/plot_rs_gauge_analysis_base.csv","current_review_deck_asset","Current review/deck asset or referenced by deck register.","deck_asset_register","yes","False",""
"Output/diagnostics/05b_MER_inundation/run_status_register.csv","current_manifest_or_register","Manifest/register supports traceability.","docs","yes","False",""
"Output/diagnostics/06_MER_inundation/figure_manifest.csv","current_manifest_or_register","Manifest/register supports traceability.","docs","yes","False",""
"Output/diagnostics/06_MER_inundation/mer_vs_annual_occurrence_flags.csv","current_review_deck_asset","Current review/deck asset or referenced by deck register.","deck_asset_register","yes","False",""
"Output/diagnostics/06_MER_inundation/run_status_register.csv","current_manifest_or_register","Manifest/register supports traceability.","docs","yes","False",""
"Output/diagnostics/06z_check_prepost_inundation_raster_outputs/06z_raster_file_inventory.csv","current_manifest_or_register","Manifest/register supports traceability.","docs","yes","False",""
"Output/diagnostics/10e_gauge_integration/gauge_integration_figure_manifest.csv","current_manifest_or_register","Manifest/register supports traceability.","docs","yes","False",""
"Output/diagnostics/10f_background_matched_years/task3_figure_manifest.csv","current_manifest_or_register","Manifest/register supports traceability.","docs","yes","False",""
"Output/diagnostics/10g_mer_metric_consolidation/task4_figure_manifest.csv","current_manifest_or_register","Manifest/register supports traceability.","docs","yes","False",""
"Output/diagnostics/14_ppt_missing_assets/task7_asset_pack_copy_log.csv","current_manifest_or_register","Manifest/register supports traceability.","docs","yes","False",""
"Output/diagnostics/18_main_deck_figure_refresh/task8_asset_pack_copy_log.csv","current_manifest_or_register","Manifest/register supports traceability.","docs","yes","False",""
"Output/diagnostics/24_mer_raster_build/mer_raster_input_inventory.csv","current_manifest_or_register","Manifest/register supports traceability.","active_script","yes","False",""
"Output/diagnostics/24_mer_raster_build/mer_raster_smoke_test_manifest.csv","current_manifest_or_register","Manifest/register supports traceability.","docs","yes","False",""
"Output/diagnostics/25_mer_annual_max_raster_build/mer_annual_raster_build_manifest.csv","current_manifest_or_register","Manifest/register supports traceability.","docs","yes","False",""
"Output/diagnostics/25_mer_annual_max_raster_build/mer_period_summary_raster_manifest.csv","current_manifest_or_register","Manifest/register supports traceability.","docs","yes","False",""
"Output/diagnostics/hydrology/gauge_database_import_manifest.csv","current_manifest_or_register","Manifest/register supports traceability.","docs","yes","False",""
"Output/diagnostics/hydrology/hydrology_figure_manifest.csv","current_manifest_or_register","Manifest/register supports traceability.","active_script","yes","False",""
"Output/diagnostics/modis_ground_cover/modis_phase3_asset_manifest.csv","current_manifest_or_register","Manifest/register supports traceability.","docs","yes","False",""
"Output/diagnostics/modis_ground_cover/modis_selected_management_zone_register.csv","current_manifest_or_register","Manifest/register supports traceability.","docs","yes","False",""
"Output/figures/.gitkeep","current_supporting","Figure output outside current deck register.","docs","yes","False",""
"Output/figures/04c_fractional_cover_full_band_sum_check.png","current_review_deck_asset","Current review/deck asset or referenced by deck register.","deck_asset_register","yes","False",""
"Output/figures/04c_fractional_cover_full_missingness_by_raster.png","current_review_deck_asset","Current review/deck asset or referenced by deck register.","deck_asset_register","yes","False",""
"Output/figures/04c_fractional_cover_full_missingness_heatmap.png","current_review_deck_asset","Current review/deck asset or referenced by deck register.","deck_asset_register","yes","False",""
"Output/figures/04c_fractional_cover_full_timeseries_by_treatment.png","current_review_deck_asset","Current review/deck asset or referenced by deck register.","deck_asset_register","yes","False",""
"Output/figures/04c_fractional_cover_full_valid_coverage_by_plot.png","current_review_deck_asset","Current review/deck asset or referenced by deck register.","deck_asset_register","yes","False",""
"Output/figures/05c_landsat_inundation_full_count_area_by_treatment.png","current_review_deck_asset","Current review/deck asset or referenced by deck register.","deck_asset_register","yes","False",""
"Output/figures/05c_landsat_inundation_full_inundated_any_heatmap.png","current_review_deck_asset","Current review/deck asset or referenced by deck register.","deck_asset_register","yes","False",""
"Output/figures/05c_landsat_inundation_full_majority_count_heatmap.png","current_review_deck_asset","Current review/deck asset or referenced by deck register.","deck_asset_register","yes","False",""
"Output/figures/05c_landsat_inundation_full_mean_inundated_any_by_treatment.png","current_review_deck_asset","Current review/deck asset or referenced by deck register.","deck_asset_register","yes","False",""
"Output/figures/05c_landsat_inundation_full_valid_coverage_heatmap.png","current_review_deck_asset","Current review/deck asset or referenced by deck register.","deck_asset_register","yes","False",""
"Output/figures/06_MER_inundation/annual_max_inundated_area_by_plot_water_year.png","current_review_deck_asset","MER review/deck figure asset.","deck_asset_register","yes","False",""
"Output/figures/06_MER_inundation/deck_candidates/01_ranked_mer_annual_max_change_labelled.png","current_review_deck_asset","MER review/deck figure asset.","deck_asset_register","yes","False",""
"Output/figures/06_MER_inundation/deck_candidates/02_mer_change_plot_centroid_map.png","current_review_deck_asset","MER review/deck figure asset.","deck_asset_register","yes","False",""
"Output/figures/06_MER_inundation/deck_candidates/03_mer_vs_annual_occurrence_scatter_labelled.png","current_review_deck_asset","MER review/deck figure asset.","deck_asset_register","yes","False",""
"Output/figures/06_MER_inundation/deck_candidates/04_annual_max_heatmap_ordered_by_mer_change.png","current_review_deck_asset","MER review/deck figure asset.","deck_asset_register","yes","False",""
"Output/figures/06_MER_inundation/deck_candidates/05_observation_support_sensor_note.png","current_review_deck_asset","MER review/deck figure asset.","deck_asset_register","yes","False",""
"Output/figures/06_MER_inundation/deck_candidates/deck_candidate_figure_manifest.csv","current_review_deck_asset","MER review/deck figure asset.","docs","yes","False",""
"Output/figures/06_MER_inundation/mer_annual_max_vs_annual_occurrence.png","current_review_deck_asset","MER review/deck figure asset.","deck_asset_register","yes","False",""
"Output/figures/06_MER_inundation/observation_support_by_water_year_sensor.png","current_review_deck_asset","MER review/deck figure asset.","deck_asset_register","yes","False",""
"Output/figures/06_MER_inundation/prepost_annual_max_inundated_area.png","current_review_deck_asset","MER review/deck figure asset.","deck_asset_register","yes","False",""
"Output/figures/06_MER_inundation/ranked_post_minus_pre_annual_max_inundated_area.png","current_review_deck_asset","MER review/deck figure asset.","deck_asset_register","yes","False",""
"Output/figures/06c_daily_inundation_full_cloud_shadow_heatmap.png","current_review_deck_asset","Current review/deck asset or referenced by deck register.","deck_asset_register","yes","False",""
"Output/figures/06c_daily_inundation_full_daily_inundated_heatmap.png","current_review_deck_asset","Current review/deck asset or referenced by deck register.","deck_asset_register","yes","False",""
"Output/figures/06c_daily_inundation_full_mean_inundated_by_sensor.png","current_review_deck_asset","Current review/deck asset or referenced by deck register.","deck_asset_register","yes","False",""
"Output/figures/06c_daily_inundation_full_valid_interpretation_heatmap.png","current_review_deck_asset","Current review/deck asset or referenced by deck register.","deck_asset_register","yes","False",""
"Output/figures/06c_daily_inundation_full_value_area_by_sensor.png","current_review_deck_asset","Current review/deck asset or referenced by deck register.","deck_asset_register","yes","False",""
"Output/figures/07e_pre_post_inundation_frequency_maps.png","current_review_deck_asset","Current review/deck asset or referenced by deck register.","deck_asset_register","yes","False",""
"Output/figures/10b_ground_cover_prepost_figures/10b_01_prepost_total_veg_bare_summary.png","current_review_deck_asset","Current review/deck asset or referenced by deck register.","deck_asset_register","yes","False",""
"Output/figures/10b_ground_cover_prepost_figures/10b_02_ranked_delta_total_veg.png","current_review_deck_asset","Current review/deck asset or referenced by deck register.","deck_asset_register","yes","False",""
"Output/figures/10b_ground_cover_prepost_figures/10b_02a_ranked_delta_total_veg_top_bottom_15.png","current_review_deck_asset","Current review/deck asset or referenced by deck register.","deck_asset_register","yes","False",""
"Output/figures/10b_ground_cover_prepost_figures/10b_03_ranked_delta_bare_ground.png","current_review_deck_asset","Current review/deck asset or referenced by deck register.","deck_asset_register","yes","False",""
"Output/figures/10b_ground_cover_prepost_figures/10b_03a_ranked_delta_bare_ground_top_bottom_15.png","current_review_deck_asset","Current review/deck asset or referenced by deck register.","deck_asset_register","yes","False",""
"Output/figures/10b_ground_cover_prepost_figures/10b_04_inundation_change_vs_total_veg_delta.png","current_review_deck_asset","Current review/deck asset or referenced by deck register.","deck_asset_register","yes","False",""
"Output/figures/10b_ground_cover_prepost_figures/10b_04a_inundation_change_vs_total_veg_delta_simple.png","current_review_deck_asset","Current review/deck asset or referenced by deck register.","deck_asset_register","yes","False",""
"Output/figures/10b_ground_cover_prepost_figures/10b_05_inundation_change_vs_bare_ground_delta.png","current_review_deck_asset","Current review/deck asset or referenced by deck register.","deck_asset_register","yes","False",""
"Output/figures/10b_ground_cover_prepost_figures/10b_05a_inundation_change_vs_bare_ground_delta_simple.png","current_review_deck_asset","Current review/deck asset or referenced by deck register.","deck_asset_register","yes","False",""
"Output/figures/10b_ground_cover_prepost_figures/10b_06_group_summary_vegetation_inundation_change.png","current_review_deck_asset","Current review/deck asset or referenced by deck register.","deck_asset_register","yes","False",""
"Output/figures/10b_ground_cover_prepost_figures/10b_07_secondary_treatment_sanity_check.png","current_review_deck_asset","Current review/deck asset or referenced by deck register.","deck_asset_register","yes","False",""
"Output/figures/hydrology/gauge_context_monthly_flow_primary_gauges.png","current_review_deck_asset","Current review/deck asset or referenced by deck register.","deck_asset_register","yes","False",""
"Output/figures/hydrology/gauge_context_water_year_flow_primary_gauges.png","current_review_deck_asset","Current review/deck asset or referenced by deck register.","deck_asset_register","yes","False",""
"Output/figures/hydrology/gauge_flow_vs_annual_inundation_frequency.png","current_review_deck_asset","Current review/deck asset or referenced by deck register.","deck_asset_register","yes","False",""
"Output/figures/hydrology/gauge_flow_vs_total_vegetation_examples.png","current_review_deck_asset","Current review/deck asset or referenced by deck register.","deck_asset_register","yes","False",""
"Output/figures/hydrology/gauge_missingness_context.png","current_review_deck_asset","Current review/deck asset or referenced by deck register.","deck_asset_register","yes","False",""
"Output/figures/hydrology/kingsford_style_flow_ratios_for_review.png","current_review_deck_asset","Current review/deck asset or referenced by deck register.","deck_asset_register","yes","False",""
"Output/figures/maps/modis_ground_cover/modis_bare_pct_2001_01.png","current_review_deck_asset","Current review/deck asset or referenced by deck register.","deck_asset_register","yes","False",""
"Output/figures/maps/modis_ground_cover/modis_bare_pct_2010_01.png","current_review_deck_asset","Current review/deck asset or referenced by deck register.","deck_asset_register","yes","False",""
"Output/figures/maps/modis_ground_cover/modis_bare_pct_2015_01.png","current_review_deck_asset","Current review/deck asset or referenced by deck register.","deck_asset_register","yes","False",""
"Output/figures/maps/modis_ground_cover/modis_bare_pct_2019_07.png","current_review_deck_asset","Current review/deck asset or referenced by deck register.","deck_asset_register","yes","False",""
"Output/figures/maps/modis_ground_cover/modis_bare_pct_2022_01.png","current_review_deck_asset","Current review/deck asset or referenced by deck register.","deck_asset_register","yes","False",""
"Output/figures/maps/modis_ground_cover/modis_bare_pct_2026_02.png","current_review_deck_asset","Current review/deck asset or referenced by deck register.","deck_asset_register","yes","False",""
"Output/figures/maps/modis_ground_cover/modis_npv_pct_2001_01.png","current_review_deck_asset","Current review/deck asset or referenced by deck register.","deck_asset_register","yes","False",""
"Output/figures/maps/modis_ground_cover/modis_npv_pct_2010_01.png","current_review_deck_asset","Current review/deck asset or referenced by deck register.","deck_asset_register","yes","False",""
"Output/figures/maps/modis_ground_cover/modis_npv_pct_2015_01.png","current_review_deck_asset","Current review/deck asset or referenced by deck register.","deck_asset_register","yes","False",""
"Output/figures/maps/modis_ground_cover/modis_npv_pct_2019_07.png","current_review_deck_asset","Current review/deck asset or referenced by deck register.","deck_asset_register","yes","False",""
"Output/figures/maps/modis_ground_cover/modis_npv_pct_2022_01.png","current_review_deck_asset","Current review/deck asset or referenced by deck register.","deck_asset_register","yes","False",""
"Output/figures/maps/modis_ground_cover/modis_npv_pct_2026_02.png","current_review_deck_asset","Current review/deck asset or referenced by deck register.","deck_asset_register","yes","False",""
"Output/figures/maps/modis_ground_cover/modis_post_mean_bare_pct.png","current_review_deck_asset","Current review/deck asset or referenced by deck register.","deck_asset_register","yes","False",""
"Output/figures/maps/modis_ground_cover/modis_post_mean_bare_pct_refined.png","current_review_deck_asset","Current review/deck asset or referenced by deck register.","deck_asset_register","yes","False",""
"Output/figures/maps/modis_ground_cover/modis_post_mean_total_veg_pct.png","current_review_deck_asset","Current review/deck asset or referenced by deck register.","deck_asset_register","yes","False",""
"Output/figures/maps/modis_ground_cover/modis_post_mean_total_veg_pct_refined.png","current_review_deck_asset","Current review/deck asset or referenced by deck register.","deck_asset_register","yes","False",""
"Output/figures/maps/modis_ground_cover/modis_post_minus_pre_bare_pct_points.png","current_review_deck_asset","Current review/deck asset or referenced by deck register.","deck_asset_register","yes","False",""
"Output/figures/maps/modis_ground_cover/modis_post_minus_pre_bare_pct_points_refined.png","current_review_deck_asset","Current review/deck asset or referenced by deck register.","deck_asset_register","yes","False",""
"Output/figures/maps/modis_ground_cover/modis_post_minus_pre_total_veg_pct_points.png","current_review_deck_asset","Current review/deck asset or referenced by deck register.","deck_asset_register","yes","False",""
"Output/figures/maps/modis_ground_cover/modis_post_minus_pre_total_veg_pct_points_refined.png","current_review_deck_asset","Current review/deck asset or referenced by deck register.","deck_asset_register","yes","False",""
"Output/figures/maps/modis_ground_cover/modis_pre_mean_bare_pct.png","current_review_deck_asset","Current review/deck asset or referenced by deck register.","deck_asset_register","yes","False",""
"Output/figures/maps/modis_ground_cover/modis_pre_mean_bare_pct_refined.png","current_review_deck_asset","Current review/deck asset or referenced by deck register.","deck_asset_register","yes","False",""
"Output/figures/maps/modis_ground_cover/modis_pre_mean_total_veg_pct.png","current_review_deck_asset","Current review/deck asset or referenced by deck register.","deck_asset_register","yes","False",""
"Output/figures/maps/modis_ground_cover/modis_pre_mean_total_veg_pct_refined.png","current_review_deck_asset","Current review/deck asset or referenced by deck register.","deck_asset_register","yes","False",""
"Output/figures/maps/modis_ground_cover/modis_pv_pct_2001_01.png","current_review_deck_asset","Current review/deck asset or referenced by deck register.","deck_asset_register","yes","False",""
"Output/figures/maps/modis_ground_cover/modis_pv_pct_2010_01.png","current_review_deck_asset","Current review/deck asset or referenced by deck register.","deck_asset_register","yes","False",""
"Output/figures/maps/modis_ground_cover/modis_pv_pct_2015_01.png","current_review_deck_asset","Current review/deck asset or referenced by deck register.","deck_asset_register","yes","False",""
"Output/figures/maps/modis_ground_cover/modis_pv_pct_2019_07.png","current_review_deck_asset","Current review/deck asset or referenced by deck register.","deck_asset_register","yes","False",""
"Output/figures/maps/modis_ground_cover/modis_pv_pct_2022_01.png","current_review_deck_asset","Current review/deck asset or referenced by deck register.","deck_asset_register","yes","False",""
"Output/figures/maps/modis_ground_cover/modis_pv_pct_2026_02.png","current_review_deck_asset","Current review/deck asset or referenced by deck register.","deck_asset_register","yes","False",""
"Output/figures/maps/modis_ground_cover/modis_rgb_2001_01.png","current_review_deck_asset","Current review/deck asset or referenced by deck register.","deck_asset_register","yes","False",""
"Output/figures/maps/modis_ground_cover/modis_rgb_2010_01.png","current_review_deck_asset","Current review/deck asset or referenced by deck register.","deck_asset_register","yes","False",""
"Output/figures/maps/modis_ground_cover/modis_rgb_2015_01.png","current_review_deck_asset","Current review/deck asset or referenced by deck register.","deck_asset_register","yes","False",""
"Output/figures/maps/modis_ground_cover/modis_rgb_2019_07.png","current_review_deck_asset","Current review/deck asset or referenced by deck register.","deck_asset_register","yes","False",""
"Output/figures/maps/modis_ground_cover/modis_rgb_2022_01.png","current_review_deck_asset","Current review/deck asset or referenced by deck register.","deck_asset_register","yes","False",""
"Output/figures/maps/modis_ground_cover/modis_rgb_2026_02.png","current_review_deck_asset","Current review/deck asset or referenced by deck register.","deck_asset_register","yes","False",""
"Output/figures/maps/modis_ground_cover/modis_rgb_representative_dry_month.png","current_review_deck_asset","Current review/deck asset or referenced by deck register.","deck_asset_register","yes","False",""
"Output/figures/maps/modis_ground_cover/modis_rgb_representative_wet_month.png","current_review_deck_asset","Current review/deck asset or referenced by deck register.","deck_asset_register","yes","False",""
"Output/figures/maps/modis_ground_cover/modis_scale_context_map.png","current_review_deck_asset","Current review/deck asset or referenced by deck register.","deck_asset_register","yes","False",""
"Output/figures/maps/modis_ground_cover/modis_scale_context_map_refined.png","current_review_deck_asset","Current review/deck asset or referenced by deck register.","deck_asset_register","yes","False",""
"Output/figures/maps/modis_ground_cover/modis_total_veg_pct_2001_01.png","current_review_deck_asset","Current review/deck asset or referenced by deck register.","deck_asset_register","yes","False",""
"Output/figures/maps/modis_ground_cover/modis_total_veg_pct_2010_01.png","current_review_deck_asset","Current review/deck asset or referenced by deck register.","deck_asset_register","yes","False",""
"Output/figures/maps/modis_ground_cover/modis_total_veg_pct_2015_01.png","current_review_deck_asset","Current review/deck asset or referenced by deck register.","deck_asset_register","yes","False",""
"Output/figures/maps/modis_ground_cover/modis_total_veg_pct_2019_07.png","current_review_deck_asset","Current review/deck asset or referenced by deck register.","deck_asset_register","yes","False",""
"Output/figures/maps/modis_ground_cover/modis_total_veg_pct_2022_01.png","current_review_deck_asset","Current review/deck asset or referenced by deck register.","deck_asset_register","yes","False",""
"Output/figures/maps/modis_ground_cover/modis_total_veg_pct_2026_02.png","current_review_deck_asset","Current review/deck asset or referenced by deck register.","deck_asset_register","yes","False",""
"Output/figures/modis_ground_cover/modis_farm_minus_buffer_bare_anomaly.png","current_review_deck_asset","Current review/deck asset or referenced by deck register.","deck_asset_register","yes","False",""
"Output/figures/modis_ground_cover/modis_farm_minus_buffer_total_veg_anomaly.png","current_review_deck_asset","Current review/deck asset or referenced by deck register.","deck_asset_register","yes","False",""
"Output/figures/modis_ground_cover/modis_farm_vs_buffer_bare_ground_timeseries.png","current_review_deck_asset","Current review/deck asset or referenced by deck register.","deck_asset_register","yes","False",""
"Output/figures/modis_ground_cover/modis_farm_vs_buffer_total_veg_timeseries.png","current_review_deck_asset","Current review/deck asset or referenced by deck register.","deck_asset_register","yes","False",""
"Output/figures/modis_ground_cover/modis_management_zone_support.png","current_review_deck_asset","Current review/deck asset or referenced by deck register.","deck_asset_register","yes","False",""
"Output/figures/modis_ground_cover/modis_management_zone_support_simplified.png","current_review_deck_asset","Current review/deck asset or referenced by deck register.","deck_asset_register","yes","False",""
"Output/figures/modis_ground_cover/modis_period_summary_prepost.png","current_review_deck_asset","Current review/deck asset or referenced by deck register.","deck_asset_register","yes","False",""
"Output/figures/modis_ground_cover/modis_selected_management_zone_timeseries.png","current_review_deck_asset","Current review/deck asset or referenced by deck register.","deck_asset_register","yes","False",""
"Output/figures/modis_ground_cover/modis_selected_management_zone_timeseries_refined.png","current_review_deck_asset","Current review/deck asset or referenced by deck register.","deck_asset_register","yes","False",""
"Output/figures/modis_ground_cover/modis_water_year_bare_ground_summary.png","current_review_deck_asset","Current review/deck asset or referenced by deck register.","deck_asset_register","yes","False",""
"Output/figures/modis_ground_cover/modis_water_year_total_veg_summary.png","current_review_deck_asset","Current review/deck asset or referenced by deck register.","deck_asset_register","yes","False",""
"Output/figures/modis_ground_cover/modis_whole_farm_monthly_anomaly_refined.png","current_review_deck_asset","Current review/deck asset or referenced by deck register.","deck_asset_register","yes","False",""
"Output/figures/modis_ground_cover/modis_whole_farm_monthly_timeseries.png","current_review_deck_asset","Current review/deck asset or referenced by deck register.","deck_asset_register","yes","False",""
"Output/figures/modis_ground_cover/modis_whole_farm_total_veg_bare_water_year_refined.png","current_review_deck_asset","Current review/deck asset or referenced by deck register.","deck_asset_register","yes","False",""
"Output/figures/plots_by_treatment.png","current_review_deck_asset","Current review/deck asset or referenced by deck register.","deck_asset_register","yes","False",""
"Output/figures/plots_map_by_treatment.png","current_review_deck_asset","Current review/deck asset or referenced by deck register.","deck_asset_register","yes","False",""
"Output/figures/plots_map_by_treatment_zoomed.png","current_review_deck_asset","Current review/deck asset or referenced by deck register.","deck_asset_register","yes","False",""
"Output/figures/review/background_flood_pattern_pre2015.png","current_review_deck_asset","Current review/deck asset or referenced by deck register.","deck_asset_register","yes","False",""
"Output/figures/review/candidate_dashboard_set_for_review_updated.png","current_review_deck_asset","Current review/deck asset or referenced by deck register.","deck_asset_register","yes","False",""
"Output/figures/review/dashboard_gauge_integration_prototype.png","current_review_deck_asset","Current review/deck asset or referenced by deck register.","deck_asset_register","yes","False",""
"Output/figures/review/gauge_completeness_by_gauge_main_deck.png","current_review_deck_asset","Current review/deck asset or referenced by deck register.","deck_asset_register","yes","False",""
"Output/figures/review/gauge_context_map_main_deck.png","current_review_deck_asset","Current review/deck asset or referenced by deck register.","deck_asset_register","yes","False",""
"Output/figures/review/gauge_data_completeness_overview.png","current_review_deck_asset","Current review/deck asset or referenced by deck register.","deck_asset_register","yes","False",""
"Output/figures/review/gauge_flow_by_station_overview.png","current_review_deck_asset","Current review/deck asset or referenced by deck register.","deck_asset_register","yes","False",""
"Output/figures/review/gayini_analysis_workflow_summary.png","current_review_deck_asset","Current review/deck asset or referenced by deck register.","deck_asset_register","yes","False",""
"Output/figures/review/gayini_gauge_location_map.png","current_review_deck_asset","Current review/deck asset or referenced by deck register.","deck_asset_register","yes","False",""
"Output/figures/review/gayini_gauge_location_map_with_flow_direction.png","current_review_deck_asset","Current review/deck asset or referenced by deck register.","deck_asset_register","yes","False",""
"Output/figures/review/gayini_hydrology_inundation_vegetation_synthesis.png","current_review_deck_asset","Current review/deck asset or referenced by deck register.","deck_asset_register","yes","False",""
"Output/figures/review/gayini_location_context_map.png","current_review_deck_asset","Current review/deck asset or referenced by deck register.","deck_asset_register","yes","False",""
"Output/figures/review/gayini_location_context_map_wide.png","current_review_deck_asset","Current review/deck asset or referenced by deck register.","deck_asset_register","yes","False",""
"Output/figures/review/gayini_vegetation_group_map.png","current_review_deck_asset","Current review/deck asset or referenced by deck register.","deck_asset_register","yes","False",""
"Output/figures/review/gayini_vegetation_group_map_with_plots.png","current_review_deck_asset","Current review/deck asset or referenced by deck register.","deck_asset_register","yes","False",""
"Output/figures/review/gc_total_veg_with_gauge_context.png","current_review_deck_asset","Current review/deck asset or referenced by deck register.","deck_asset_register","yes","False",""
"Output/figures/review/gc_total_veg_with_gauge_context_main_deck.png","current_review_deck_asset","Current review/deck asset or referenced by deck register.","deck_asset_register","yes","False",""
"Output/figures/review/inundation_change_vs_bare_ground_appendix_only.png","current_review_deck_asset","Current review/deck asset or referenced by deck register.","docs","yes","False",""
"Output/figures/review/inundation_change_vs_total_veg_by_vegetation_group.png","current_review_deck_asset","Current review/deck asset or referenced by deck register.","docs","yes","False",""
"Output/figures/review/inundation_change_vs_total_veg_by_wetness_group.png","current_review_deck_asset","Current review/deck asset or referenced by deck register.","deck_asset_register","yes","False",""
"Output/figures/review/inundation_frequency_by_vegetation_group.png","current_review_deck_asset","Current review/deck asset or referenced by deck register.","deck_asset_register","yes","False",""
"Output/figures/review/inundation_post_minus_pre_change_main_deck.png","current_review_deck_asset","Current review/deck asset or referenced by deck register.","docs","yes","False",""
"Output/figures/review/inundation_post_minus_pre_change_with_paddocks.png","current_review_deck_asset","Current review/deck asset or referenced by deck register.","deck_asset_register","yes","False",""
"Output/figures/review/inundation_pre_post_frequency_main_deck.png","current_review_deck_asset","Current review/deck asset or referenced by deck register.","deck_asset_register","yes","False",""
"Output/figures/review/inundation_with_gauge_context.png","current_review_deck_asset","Current review/deck asset or referenced by deck register.","deck_asset_register","yes","False",""
"Output/figures/review/inundation_with_gauge_context_main_deck.png","current_review_deck_asset","Current review/deck asset or referenced by deck register.","deck_asset_register","yes","False",""
"Output/figures/review/kingsford_ratio_context_main_deck.png","current_review_deck_asset","Current review/deck asset or referenced by deck register.","deck_asset_register","yes","False",""
"Output/figures/review/lag_timing_zoom_2013_current_main_deck.png","current_review_deck_asset","Current review/deck asset or referenced by deck register.","deck_asset_register","yes","False",""
"Output/figures/review/matched_year_inundation_comparison.png","current_review_deck_asset","Current review/deck asset or referenced by deck register.","deck_asset_register","yes","False",""
"Output/figures/review/matched_year_inundation_comparison_main_deck.png","current_review_deck_asset","Current review/deck asset or referenced by deck register.","deck_asset_register","yes","False",""
"Output/figures/review/matched_year_paired_summary_by_veg_group.png","current_review_deck_asset","Current review/deck asset or referenced by deck register.","docs","yes","False",""
"Output/figures/review/MER/mer_annual_max_heatmap_appendix.png","current_review_deck_asset","MER review/deck figure asset.","deck_asset_register","yes","False",""
"Output/figures/review/MER/mer_annual_max_observed_wet_example.png","current_review_deck_asset","MER review/deck figure asset.","deck_asset_register","yes","False",""
"Output/figures/review/MER/mer_metric_keep_defer_summary_review.png","current_review_deck_asset","MER review/deck figure asset.","docs","yes","False",""
"Output/figures/review/MER/mer_metric_summary_main_deck.png","current_review_deck_asset","MER review/deck figure asset.","deck_asset_register","yes","False",""
"Output/figures/review/MER/mer_observation_support_by_water_year.png","current_review_deck_asset","MER review/deck figure asset.","deck_asset_register","yes","False",""
"Output/figures/review/MER/mer_observation_support_sensor_note_appendix.png","current_review_deck_asset","MER review/deck figure asset.","deck_asset_register","yes","False",""
"Output/figures/review/MER/mer_post_minus_pre_annual_max_change_main_deck.png","current_review_deck_asset","MER review/deck figure asset.","deck_asset_register","yes","False",""
"Output/figures/review/MER/mer_post_minus_pre_by_vegetation_group.png","current_review_deck_asset","MER review/deck figure asset.","deck_asset_register","yes","False",""
"Output/figures/review/MER/mer_pre_post_annual_max_frequency_main_deck.png","current_review_deck_asset","MER review/deck figure asset.","deck_asset_register","yes","False",""
"Output/figures/review/MER/mer_raster_vs_annual_occurrence_change_comparison.png","current_review_deck_asset","MER review/deck figure asset.","deck_asset_register","yes","False",""
"Output/figures/review/MER/mer_vs_annual_occurrence_main_deck_comparison.png","current_review_deck_asset","MER review/deck figure asset.","deck_asset_register","yes","False",""
"Output/figures/review/MER/mer_vs_annual_occurrence_plot_agreement.png","current_review_deck_asset","MER review/deck figure asset.","deck_asset_register","yes","False",""
"Output/figures/review/MER/raster_build/mer_raster_build_readiness_summary.png","current_review_deck_asset","MER review/deck figure asset.","docs","yes","False",""
"Output/figures/review/MER/raster_build/mer_raster_grid_compatibility_summary.png","current_review_deck_asset","MER review/deck figure asset.","docs","yes","False",""
"Output/figures/review/MER/raster_build/mer_raster_observation_cadence_by_water_year.png","current_review_deck_asset","MER review/deck figure asset.","docs","yes","False",""
"Output/figures/review/MER/raster_build/mer_raster_smoke_test_qa.png","current_review_deck_asset","MER review/deck figure asset.","docs","yes","False",""
"Output/figures/review/mer_change_result_main_deck.png","current_review_deck_asset","Current review/deck asset or referenced by deck register.","docs","yes","False",""
"Output/figures/review/mer_metric_summary_review.png","current_review_deck_asset","Current review/deck asset or referenced by deck register.","deck_asset_register","yes","False",""
"Output/figures/review/mer_vs_annual_inundation_change_comparison.png","current_review_deck_asset","Current review/deck asset or referenced by deck register.","deck_asset_register","yes","False",""
"Output/figures/review/plot_level_inundation_change_with_paddocks.png","current_review_deck_asset","Current review/deck asset or referenced by deck register.","deck_asset_register","yes","False",""
"Output/figures/review/plot_treed_exclusion_map.png","current_review_deck_asset","Current review/deck asset or referenced by deck register.","deck_asset_register","yes","False",""
"Output/figures/review/redesigned_dashboards/dashboard_redesigned_GA_001.png","current_review_deck_asset","Current review/deck asset or referenced by deck register.","docs","yes","False",""
"Output/figures/review/redesigned_dashboards/dashboard_redesigned_GA_003.png","current_review_deck_asset","Current review/deck asset or referenced by deck register.","docs","yes","False",""
"Output/figures/review/redesigned_dashboards/dashboard_redesigned_GA_012.png","current_review_deck_asset","Current review/deck asset or referenced by deck register.","docs","yes","False",""
"Output/figures/review/redesigned_dashboards/dashboard_redesigned_GA_019.png","current_review_deck_asset","Current review/deck asset or referenced by deck register.","docs","yes","False",""
"Output/figures/review/redesigned_dashboards/dashboard_redesigned_GA_026.png","current_review_deck_asset","Current review/deck asset or referenced by deck register.","docs","yes","False",""
"Output/figures/review/redesigned_dashboards/dashboard_redesigned_GA_032.png","current_review_deck_asset","Current review/deck asset or referenced by deck register.","docs","yes","False",""
"Output/figures/review/redesigned_dashboards/dashboard_redesigned_GA_035.png","current_review_deck_asset","Current review/deck asset or referenced by deck register.","docs","yes","False",""
"Output/figures/review/redesigned_dashboards/dashboard_redesigned_GA_043.png","current_review_deck_asset","Current review/deck asset or referenced by deck register.","docs","yes","False",""
"Output/figures/review/redesigned_dashboards/dashboard_redesigned_GA_052.png","current_review_deck_asset","Current review/deck asset or referenced by deck register.","docs","yes","False",""
"Output/figures/review/redesigned_dashboards/dashboard_redesigned_GA_065.png","current_review_deck_asset","Current review/deck asset or referenced by deck register.","docs","yes","False",""
"Output/figures/review/selected_plot_total_veg_inundation_gauge_examples.png","current_review_deck_asset","Current review/deck asset or referenced by deck register.","deck_asset_register","yes","False",""
"Output/rasters/inundation_pre_post/annual/annual_inundated_any_post_conservation__2020.tif","current_canonical","Canonical pre/post inundation raster product.","docs","yes","False",""
"Output/rasters/inundation_pre_post/annual/annual_inundated_any_post_conservation__2021.tif","current_canonical","Canonical pre/post inundation raster product.","docs","yes","False",""
"Output/rasters/inundation_pre_post/annual/annual_inundated_any_post_conservation__2022.tif","current_canonical","Canonical pre/post inundation raster product.","docs","yes","False",""
"Output/rasters/inundation_pre_post/annual/annual_inundated_any_post_conservation__2023.tif","current_canonical","Canonical pre/post inundation raster product.","docs","yes","False",""
"Output/rasters/inundation_pre_post/annual/annual_inundated_any_post_conservation__2024.tif","current_canonical","Canonical pre/post inundation raster product.","docs","yes","False",""
"Output/rasters/inundation_pre_post/annual/annual_inundated_any_post_conservation__2025.tif","current_canonical","Canonical pre/post inundation raster product.","docs","yes","False",""
"Output/rasters/inundation_pre_post/annual/annual_inundated_any_pre_conservation__2014.tif","current_canonical","Canonical pre/post inundation raster product.","docs","yes","False",""
"Output/rasters/inundation_pre_post/annual/annual_inundated_any_pre_conservation__2015.tif","current_canonical","Canonical pre/post inundation raster product.","docs","yes","False",""
"Output/rasters/inundation_pre_post/annual/annual_inundated_any_pre_conservation__2016.tif","current_canonical","Canonical pre/post inundation raster product.","docs","yes","False",""
"Output/rasters/inundation_pre_post/annual/annual_inundated_any_pre_conservation__2017.tif","current_canonical","Canonical pre/post inundation raster product.","docs","yes","False",""
"Output/rasters/inundation_pre_post/annual/annual_inundated_any_pre_conservation__2018.tif","current_canonical","Canonical pre/post inundation raster product.","docs","yes","False",""
"Output/rasters/inundation_pre_post/annual/annual_inundated_any_pre_conservation__2019.tif","current_canonical","Canonical pre/post inundation raster product.","docs","yes","False",""
"Output/rasters/inundation_pre_post/annual/annual_valid_any_post_conservation__2020.tif","current_canonical","Canonical pre/post inundation raster product.","docs","yes","False",""
"Output/rasters/inundation_pre_post/annual/annual_valid_any_post_conservation__2021.tif","current_canonical","Canonical pre/post inundation raster product.","docs","yes","False",""
"Output/rasters/inundation_pre_post/annual/annual_valid_any_post_conservation__2022.tif","current_canonical","Canonical pre/post inundation raster product.","docs","yes","False",""
"Output/rasters/inundation_pre_post/annual/annual_valid_any_post_conservation__2023.tif","current_canonical","Canonical pre/post inundation raster product.","docs","yes","False",""
"Output/rasters/inundation_pre_post/annual/annual_valid_any_post_conservation__2024.tif","current_canonical","Canonical pre/post inundation raster product.","docs","yes","False",""
"Output/rasters/inundation_pre_post/annual/annual_valid_any_post_conservation__2025.tif","current_canonical","Canonical pre/post inundation raster product.","docs","yes","False",""
"Output/rasters/inundation_pre_post/annual/annual_valid_any_pre_conservation__2014.tif","current_canonical","Canonical pre/post inundation raster product.","docs","yes","False",""
"Output/rasters/inundation_pre_post/annual/annual_valid_any_pre_conservation__2015.tif","current_canonical","Canonical pre/post inundation raster product.","docs","yes","False",""
"Output/rasters/inundation_pre_post/annual/annual_valid_any_pre_conservation__2016.tif","current_canonical","Canonical pre/post inundation raster product.","docs","yes","False",""
"Output/rasters/inundation_pre_post/annual/annual_valid_any_pre_conservation__2017.tif","current_canonical","Canonical pre/post inundation raster product.","docs","yes","False",""
"Output/rasters/inundation_pre_post/annual/annual_valid_any_pre_conservation__2018.tif","current_canonical","Canonical pre/post inundation raster product.","docs","yes","False",""
"Output/rasters/inundation_pre_post/annual/annual_valid_any_pre_conservation__2019.tif","current_canonical","Canonical pre/post inundation raster product.","docs","yes","False",""
"Output/rasters/inundation_pre_post/post_conservation_inundation_frequency_pct.tif","current_canonical","Canonical pre/post inundation raster product.","docs","yes","False",""
"Output/rasters/inundation_pre_post/post_conservation_valid_year_count.tif","current_canonical","Canonical pre/post inundation raster product.","docs","yes","False",""
"Output/rasters/inundation_pre_post/post_conservation_wet_year_count.tif","current_canonical","Canonical pre/post inundation raster product.","docs","yes","False",""
"Output/rasters/inundation_pre_post/post_minus_pre_inundation_frequency_pct_points.tif","current_canonical","Canonical pre/post inundation raster product.","docs","yes","False",""
"Output/rasters/inundation_pre_post/pre_conservation_inundation_frequency_pct.tif","current_canonical","Canonical pre/post inundation raster product.","docs","yes","False",""
"Output/rasters/inundation_pre_post/pre_conservation_valid_year_count.tif","current_canonical","Canonical pre/post inundation raster product.","docs","yes","False",""
"Output/rasters/inundation_pre_post/pre_conservation_wet_year_count.tif","current_canonical","Canonical pre/post inundation raster product.","docs","yes","False",""
"Output/rasters/MER/annual_max/mer_annual_max_observed_inundation_WY2024_strict_value_1_SMOKE_TEST.tif","current_mer_raster_product","MER raster product folder; do not delete automatically.","docs","yes","False",""
"Output/rasters/MER/annual_max/mer_annual_max_observed_inundation_WY2025_strict_value_1_SMOKE_TEST.tif","current_mer_raster_product","MER raster product folder; do not delete automatically.","docs","yes","False",""
"Output/rasters/MER/annual_max/mer_annual_max_observed_wet_WY2014_2015.tif","current_mer_raster_product","MER raster product folder; do not delete automatically.","docs","yes","False",""
"Output/rasters/MER/annual_max/mer_annual_max_observed_wet_WY2015_2016.tif","current_mer_raster_product","MER raster product folder; do not delete automatically.","docs","yes","False",""
"Output/rasters/MER/annual_max/mer_annual_max_observed_wet_WY2016_2017.tif","current_mer_raster_product","MER raster product folder; do not delete automatically.","docs","yes","False",""
"Output/rasters/MER/annual_max/mer_annual_max_observed_wet_WY2017_2018.tif","current_mer_raster_product","MER raster product folder; do not delete automatically.","docs","yes","False",""
"Output/rasters/MER/annual_max/mer_annual_max_observed_wet_WY2018_2019.tif","current_mer_raster_product","MER raster product folder; do not delete automatically.","docs","yes","False",""
"Output/rasters/MER/annual_max/mer_annual_max_observed_wet_WY2019_2020.tif","current_mer_raster_product","MER raster product folder; do not delete automatically.","docs","yes","False",""
"Output/rasters/MER/annual_max/mer_annual_max_observed_wet_WY2020_2021.tif","current_mer_raster_product","MER raster product folder; do not delete automatically.","docs","yes","False",""
"Output/rasters/MER/annual_max/mer_annual_max_observed_wet_WY2021_2022.tif","current_mer_raster_product","MER raster product folder; do not delete automatically.","docs","yes","False",""
"Output/rasters/MER/annual_max/mer_annual_max_observed_wet_WY2022_2023.tif","current_mer_raster_product","MER raster product folder; do not delete automatically.","docs","yes","False",""
"Output/rasters/MER/annual_max/mer_annual_max_observed_wet_WY2023_2024.tif","current_mer_raster_product","MER raster product folder; do not delete automatically.","docs","yes","False",""
"Output/rasters/MER/annual_max/mer_annual_max_observed_wet_WY2024_2025.tif","current_mer_raster_product","MER raster product folder; do not delete automatically.","docs","yes","False",""
"Output/rasters/MER/annual_max/mer_observation_support_class_WY2014_2015.tif","current_mer_raster_product","MER raster product folder; do not delete automatically.","docs","yes","False",""
"Output/rasters/MER/annual_max/mer_observation_support_class_WY2015_2016.tif","current_mer_raster_product","MER raster product folder; do not delete automatically.","docs","yes","False",""
"Output/rasters/MER/annual_max/mer_observation_support_class_WY2016_2017.tif","current_mer_raster_product","MER raster product folder; do not delete automatically.","docs","yes","False",""
"Output/rasters/MER/annual_max/mer_observation_support_class_WY2017_2018.tif","current_mer_raster_product","MER raster product folder; do not delete automatically.","docs","yes","False",""
"Output/rasters/MER/annual_max/mer_observation_support_class_WY2018_2019.tif","current_mer_raster_product","MER raster product folder; do not delete automatically.","docs","yes","False",""
"Output/rasters/MER/annual_max/mer_observation_support_class_WY2019_2020.tif","current_mer_raster_product","MER raster product folder; do not delete automatically.","docs","yes","False",""
"Output/rasters/MER/annual_max/mer_observation_support_class_WY2020_2021.tif","current_mer_raster_product","MER raster product folder; do not delete automatically.","docs","yes","False",""
"Output/rasters/MER/annual_max/mer_observation_support_class_WY2021_2022.tif","current_mer_raster_product","MER raster product folder; do not delete automatically.","docs","yes","False",""
"Output/rasters/MER/annual_max/mer_observation_support_class_WY2022_2023.tif","current_mer_raster_product","MER raster product folder; do not delete automatically.","docs","yes","False",""
"Output/rasters/MER/annual_max/mer_observation_support_class_WY2023_2024.tif","current_mer_raster_product","MER raster product folder; do not delete automatically.","docs","yes","False",""
"Output/rasters/MER/annual_max/mer_observation_support_class_WY2024_2025.tif","current_mer_raster_product","MER raster product folder; do not delete automatically.","docs","yes","False",""
"Output/rasters/MER/annual_max/mer_valid_observation_count_WY2014_2015.tif","current_mer_raster_product","MER raster product folder; do not delete automatically.","docs","yes","False",""
"Output/rasters/MER/annual_max/mer_valid_observation_count_WY2015_2016.tif","current_mer_raster_product","MER raster product folder; do not delete automatically.","docs","yes","False",""
"Output/rasters/MER/annual_max/mer_valid_observation_count_WY2016_2017.tif","current_mer_raster_product","MER raster product folder; do not delete automatically.","docs","yes","False",""
"Output/rasters/MER/annual_max/mer_valid_observation_count_WY2017_2018.tif","current_mer_raster_product","MER raster product folder; do not delete automatically.","docs","yes","False",""
"Output/rasters/MER/annual_max/mer_valid_observation_count_WY2018_2019.tif","current_mer_raster_product","MER raster product folder; do not delete automatically.","docs","yes","False",""
"Output/rasters/MER/annual_max/mer_valid_observation_count_WY2019_2020.tif","current_mer_raster_product","MER raster product folder; do not delete automatically.","docs","yes","False",""
"Output/rasters/MER/annual_max/mer_valid_observation_count_WY2020_2021.tif","current_mer_raster_product","MER raster product folder; do not delete automatically.","docs","yes","False",""
"Output/rasters/MER/annual_max/mer_valid_observation_count_WY2021_2022.tif","current_mer_raster_product","MER raster product folder; do not delete automatically.","docs","yes","False",""
"Output/rasters/MER/annual_max/mer_valid_observation_count_WY2022_2023.tif","current_mer_raster_product","MER raster product folder; do not delete automatically.","docs","yes","False",""
"Output/rasters/MER/annual_max/mer_valid_observation_count_WY2023_2024.tif","current_mer_raster_product","MER raster product folder; do not delete automatically.","docs","yes","False",""
"Output/rasters/MER/annual_max/mer_valid_observation_count_WY2024_2025.tif","current_mer_raster_product","MER raster product folder; do not delete automatically.","docs","yes","False",""
"Output/rasters/MER/annual_max/mer_wet_observation_count_WY2014_2015.tif","current_mer_raster_product","MER raster product folder; do not delete automatically.","docs","yes","False",""
"Output/rasters/MER/annual_max/mer_wet_observation_count_WY2015_2016.tif","current_mer_raster_product","MER raster product folder; do not delete automatically.","docs","yes","False",""
"Output/rasters/MER/annual_max/mer_wet_observation_count_WY2016_2017.tif","current_mer_raster_product","MER raster product folder; do not delete automatically.","docs","yes","False",""
"Output/rasters/MER/annual_max/mer_wet_observation_count_WY2017_2018.tif","current_mer_raster_product","MER raster product folder; do not delete automatically.","docs","yes","False",""
"Output/rasters/MER/annual_max/mer_wet_observation_count_WY2018_2019.tif","current_mer_raster_product","MER raster product folder; do not delete automatically.","docs","yes","False",""
"Output/rasters/MER/annual_max/mer_wet_observation_count_WY2019_2020.tif","current_mer_raster_product","MER raster product folder; do not delete automatically.","docs","yes","False",""
"Output/rasters/MER/annual_max/mer_wet_observation_count_WY2020_2021.tif","current_mer_raster_product","MER raster product folder; do not delete automatically.","docs","yes","False",""
"Output/rasters/MER/annual_max/mer_wet_observation_count_WY2021_2022.tif","current_mer_raster_product","MER raster product folder; do not delete automatically.","docs","yes","False",""
"Output/rasters/MER/annual_max/mer_wet_observation_count_WY2022_2023.tif","current_mer_raster_product","MER raster product folder; do not delete automatically.","docs","yes","False",""
"Output/rasters/MER/annual_max/mer_wet_observation_count_WY2023_2024.tif","current_mer_raster_product","MER raster product folder; do not delete automatically.","docs","yes","False",""
"Output/rasters/MER/annual_max/mer_wet_observation_count_WY2024_2025.tif","current_mer_raster_product","MER raster product folder; do not delete automatically.","docs","yes","False",""
"Output/rasters/MER/annual_max/mer_wet_observation_fraction_WY2014_2015.tif","current_mer_raster_product","MER raster product folder; do not delete automatically.","docs","yes","False",""
"Output/rasters/MER/annual_max/mer_wet_observation_fraction_WY2015_2016.tif","current_mer_raster_product","MER raster product folder; do not delete automatically.","docs","yes","False",""
"Output/rasters/MER/annual_max/mer_wet_observation_fraction_WY2016_2017.tif","current_mer_raster_product","MER raster product folder; do not delete automatically.","docs","yes","False",""
"Output/rasters/MER/annual_max/mer_wet_observation_fraction_WY2017_2018.tif","current_mer_raster_product","MER raster product folder; do not delete automatically.","docs","yes","False",""
"Output/rasters/MER/annual_max/mer_wet_observation_fraction_WY2018_2019.tif","current_mer_raster_product","MER raster product folder; do not delete automatically.","docs","yes","False",""
"Output/rasters/MER/annual_max/mer_wet_observation_fraction_WY2019_2020.tif","current_mer_raster_product","MER raster product folder; do not delete automatically.","docs","yes","False",""
"Output/rasters/MER/annual_max/mer_wet_observation_fraction_WY2020_2021.tif","current_mer_raster_product","MER raster product folder; do not delete automatically.","docs","yes","False",""
"Output/rasters/MER/annual_max/mer_wet_observation_fraction_WY2021_2022.tif","current_mer_raster_product","MER raster product folder; do not delete automatically.","docs","yes","False",""
"Output/rasters/MER/annual_max/mer_wet_observation_fraction_WY2022_2023.tif","current_mer_raster_product","MER raster product folder; do not delete automatically.","docs","yes","False",""
"Output/rasters/MER/annual_max/mer_wet_observation_fraction_WY2023_2024.tif","current_mer_raster_product","MER raster product folder; do not delete automatically.","docs","yes","False",""
"Output/rasters/MER/annual_max/mer_wet_observation_fraction_WY2024_2025.tif","current_mer_raster_product","MER raster product folder; do not delete automatically.","docs","yes","False",""
"Output/rasters/MER/period_summaries/mer_period_summary_support_mask.tif","current_mer_raster_product","MER raster product folder; do not delete automatically.","docs","yes","False",""
"Output/rasters/MER/period_summaries/mer_post_annual_max_observed_frequency_pct.tif","current_mer_raster_product","MER raster product folder; do not delete automatically.","docs","yes","False",""
"Output/rasters/MER/period_summaries/mer_post_minus_pre_annual_max_frequency_pct_points.tif","current_mer_raster_product","MER raster product folder; do not delete automatically.","docs","yes","False",""
"Output/rasters/MER/period_summaries/mer_post_valid_year_count.tif","current_mer_raster_product","MER raster product folder; do not delete automatically.","docs","yes","False",""
"Output/rasters/MER/period_summaries/mer_pre_annual_max_observed_frequency_pct.tif","current_mer_raster_product","MER raster product folder; do not delete automatically.","docs","yes","False",""
"Output/rasters/MER/period_summaries/mer_pre_valid_year_count.tif","current_mer_raster_product","MER raster product folder; do not delete automatically.","docs","yes","False",""
"Output/rasters/MER/support/mer_observation_count_WY2024_SMOKE_TEST.tif","current_mer_raster_product","MER raster product folder; do not delete automatically.","docs","yes","False",""
"Output/rasters/MER/support/mer_observation_count_WY2025_SMOKE_TEST.tif","current_mer_raster_product","MER raster product folder; do not delete automatically.","docs","yes","False",""
"Output/rasters/MER/support/mer_valid_observation_count_WY2024_SMOKE_TEST.tif","current_mer_raster_product","MER raster product folder; do not delete automatically.","docs","yes","False",""
"Output/rasters/MER/support/mer_valid_observation_count_WY2025_SMOKE_TEST.tif","current_mer_raster_product","MER raster product folder; do not delete automatically.","docs","yes","False",""
"Output/reports/.gitkeep","current_supporting","Report output.","docs","yes","False",""
"Output/reports/adrian_review_png_assets/codex_handoff_report.md","current_review_deck_asset","Current review/deck asset or referenced by deck register.","docs","yes","False",""
"Output/reports/adrian_review_png_assets/dashboard_GA_001_review.png","current_review_deck_asset","Current review/deck asset or referenced by deck register.","deck_asset_register","yes","False",""
"Output/reports/adrian_review_png_assets/dashboard_GA_003_review.png","current_review_deck_asset","Current review/deck asset or referenced by deck register.","deck_asset_register","yes","False",""
"Output/reports/adrian_review_png_assets/dashboard_GA_012_review.png","current_review_deck_asset","Current review/deck asset or referenced by deck register.","deck_asset_register","yes","False",""
"Output/reports/adrian_review_png_assets/dashboard_GA_019_review.png","current_review_deck_asset","Current review/deck asset or referenced by deck register.","deck_asset_register","yes","False",""
"Output/reports/adrian_review_png_assets/dashboard_GA_026_review.png","current_review_deck_asset","Current review/deck asset or referenced by deck register.","deck_asset_register","yes","False",""
"Output/reports/adrian_review_png_assets/dashboard_GA_032_review.png","current_review_deck_asset","Current review/deck asset or referenced by deck register.","deck_asset_register","yes","False",""
"Output/reports/adrian_review_png_assets/dashboard_GA_035_review.png","current_review_deck_asset","Current review/deck asset or referenced by deck register.","deck_asset_register","yes","False",""
"Output/reports/adrian_review_png_assets/dashboard_GA_043_review.png","current_review_deck_asset","Current review/deck asset or referenced by deck register.","deck_asset_register","yes","False",""
"Output/reports/adrian_review_png_assets/dashboard_GA_052_review.png","current_review_deck_asset","Current review/deck asset or referenced by deck register.","deck_asset_register","yes","False",""
"Output/reports/adrian_review_png_assets/dashboard_GA_065_review.png","current_review_deck_asset","Current review/deck asset or referenced by deck register.","deck_asset_register","yes","False",""
"Output/reports/adrian_review_png_assets/dashboard_index.csv","current_review_deck_asset","Current review/deck asset or referenced by deck register.","docs","yes","False",""
"Output/reports/adrian_review_png_assets/dashboard_metric_explanation.png","current_review_deck_asset","Current review/deck asset or referenced by deck register.","deck_asset_register","yes","False",""
"Output/reports/adrian_review_png_assets/figure_manifest.csv","current_review_deck_asset","Current review/deck asset or referenced by deck register.","docs","yes","False",""
"Output/reports/adrian_review_png_assets/gc_example_01_full_support.png","current_review_deck_asset","Current review/deck asset or referenced by deck register.","deck_asset_register","yes","False",""
"Output/reports/adrian_review_png_assets/gc_example_02_partial_support.png","current_review_deck_asset","Current review/deck asset or referenced by deck register.","deck_asset_register","yes","False",""
"Output/reports/adrian_review_png_assets/gc_example_03_low_support.png","current_review_deck_asset","Current review/deck asset or referenced by deck register.","deck_asset_register","yes","False",""
"Output/reports/adrian_review_png_assets/gc_example_04_all_missing.png","current_review_deck_asset","Current review/deck asset or referenced by deck register.","deck_asset_register","yes","False",""
"Output/reports/adrian_review_png_assets/gc_extraction_examples_manifest.csv","current_review_deck_asset","Current review/deck asset or referenced by deck register.","docs","yes","False",""
"Output/reports/adrian_review_png_assets/gc_extraction_examples_panel.png","current_review_deck_asset","Current review/deck asset or referenced by deck register.","deck_asset_register","yes","False",""
"Output/reports/adrian_review_png_assets/ground_cover_extraction_examples_panel.png","current_review_deck_asset","Current review/deck asset or referenced by deck register.","deck_asset_register","yes","False",""
"Output/reports/adrian_review_png_assets/inundation_example_01_clear_wet.png","current_review_deck_asset","Current review/deck asset or referenced by deck register.","deck_asset_register","yes","False",""
"Output/reports/adrian_review_png_assets/inundation_example_02_clear_dry.png","current_review_deck_asset","Current review/deck asset or referenced by deck register.","deck_asset_register","yes","False",""
"Output/reports/adrian_review_png_assets/inundation_example_03_partial_edge.png","current_review_deck_asset","Current review/deck asset or referenced by deck register.","deck_asset_register","yes","False",""
"Output/reports/adrian_review_png_assets/inundation_example_04_low_support_or_gap.png","current_review_deck_asset","Current review/deck asset or referenced by deck register.","deck_asset_register","yes","False",""
"Output/reports/adrian_review_png_assets/inundation_extraction_examples_manifest.csv","current_review_deck_asset","Current review/deck asset or referenced by deck register.","docs","yes","False",""
"Output/reports/adrian_review_png_assets/inundation_extraction_examples_panel.png","current_review_deck_asset","Current review/deck asset or referenced by deck register.","deck_asset_register","yes","False",""
"Output/reports/adrian_review_png_assets/scatter_inundation_vs_bare_ground_review.png","current_review_deck_asset","Current review/deck asset or referenced by deck register.","deck_asset_register","yes","False",""
"Output/reports/adrian_review_png_assets/scatter_inundation_vs_bare_ground_review_plain.png","current_review_deck_asset","Current review/deck asset or referenced by deck register.","deck_asset_register","yes","False",""
"Output/reports/adrian_review_png_assets/scatter_inundation_vs_total_veg_review.png","current_review_deck_asset","Current review/deck asset or referenced by deck register.","deck_asset_register","yes","False",""
"Output/reports/adrian_review_png_assets/scatter_inundation_vs_total_veg_review_plain.png","current_review_deck_asset","Current review/deck asset or referenced by deck register.","deck_asset_register","yes","False",""
"Output/reports/adrian_review_png_assets/selected_plot_examples_overlap_period_only.png","current_review_deck_asset","Current review/deck asset or referenced by deck register.","deck_asset_register","yes","False",""
"Output/reports/adrian_review_png_assets/treatment_sanity_check_review.png","current_review_deck_asset","Current review/deck asset or referenced by deck register.","deck_asset_register","yes","False",""
"Output/reports/code_refresh/stage1_code_refresh_handoff.md","current_handoff_report","Local validation/handoff report; useful but generated.","docs","yes","False",""
"Output/reports/code_refresh/stage1_git_status_report.md","current_handoff_report","Local validation/handoff report; useful but generated.","docs","yes","False",""
"Output/reports/code_refresh/stage1_github_push_report.md","current_handoff_report","Local validation/handoff report; useful but generated.","docs","yes","False",""
"Output/reports/code_refresh/stage1_output_comparison.csv","current_handoff_report","Local validation/handoff report; useful but generated.","docs","yes","False",""
"Output/reports/code_refresh/stage1_static_check_results.csv","current_handoff_report","Local validation/handoff report; useful but generated.","docs","yes","False",""
"Output/reports/code_refresh/stage2_code_refresh_handoff.md","current_handoff_report","Local validation/handoff report; useful but generated.","docs","yes","False",""
"Output/reports/code_refresh/stage2_git_status_report.md","current_handoff_report","Local validation/handoff report; useful but generated.","docs","yes","False",""
"Output/reports/code_refresh/stage2_github_push_report.md","current_handoff_report","Local validation/handoff report; useful but generated.","docs","yes","False",""
"Output/reports/code_refresh/stage2_output_comparison.csv","current_handoff_report","Local validation/handoff report; useful but generated.","docs","yes","False",""
"Output/reports/code_refresh/stage2_output_snapshot_after.json","current_handoff_report","Local validation/handoff report; useful but generated.","docs","yes","False",""
"Output/reports/code_refresh/stage2_output_snapshot_before.json","current_handoff_report","Local validation/handoff report; useful but generated.","docs","yes","False",""
"Output/reports/code_refresh/stage2_stage1_validation_results.csv","current_handoff_report","Local validation/handoff report; useful but generated.","docs","yes","False",""
"Output/reports/code_refresh/stage2_static_check_results.csv","current_handoff_report","Local validation/handoff report; useful but generated.","docs","yes","False",""
"Output/reports/code_refresh/stage3_archive_manifest.csv","current_handoff_report","Local validation/handoff report; useful but generated.","docs","yes","False",""
"Output/reports/code_refresh/stage3_code_refresh_handoff.md","current_handoff_report","Local validation/handoff report; useful but generated.","docs","yes","False",""
"Output/reports/code_refresh/stage3_git_status_report.md","current_handoff_report","Local validation/handoff report; useful but generated.","docs","yes","False",""
"Output/reports/code_refresh/stage3_github_push_report.md","current_handoff_report","Local validation/handoff report; useful but generated.","docs","yes","False",""
"Output/reports/code_refresh/stage3_removed_from_github_manifest.csv","current_handoff_report","Local validation/handoff report; useful but generated.","docs","yes","False",""
"Output/reports/code_refresh/stage3_removed_local_packaging/build_modis_results_ppt_artifact_tool.mjs","current_handoff_report","Local validation/handoff report; useful but generated.","docs","yes","False",""
"Output/reports/code_refresh/stage3_removed_local_packaging/collect_gayini_07e_outputs.ps1","current_handoff_report","Local validation/handoff report; useful but generated.","docs","yes","False",""
"Output/reports/code_refresh/stage3_removed_local_packaging/collect_gayini_new_step7_png_figures.ps1","current_handoff_report","Local validation/handoff report; useful but generated.","docs","yes","False",""
"Output/reports/code_refresh/stage3_removed_local_packaging/collect_gayini_step7_outputs.ps1","current_handoff_report","Local validation/handoff report; useful but generated.","docs","yes","False",""
"Output/reports/code_refresh/stage3_removed_local_packaging/collect_ppt_assets.ps1","current_handoff_report","Local validation/handoff report; useful but generated.","docs","yes","False",""
"Output/reports/code_refresh/stage3_removed_local_packaging/utility_zip_recent_mer_run_changes_20260623.ps1","current_handoff_report","Local validation/handoff report; useful but generated.","docs","yes","False",""
"Output/reports/code_refresh/stage3_scripts_manifest.csv","current_handoff_report","Local validation/handoff report; useful but generated.","docs","yes","False",""
"Output/reports/code_refresh/stage3_static_check_results.csv","current_handoff_report","Local validation/handoff report; useful but generated.","docs","yes","False",""
"Output/reports/code_refresh/stage4_git_status_report.md","current_handoff_report","Local validation/handoff report; useful but generated.","docs","yes","False",""
"Output/reports/code_refresh/stage4_github_push_report.md","current_handoff_report","Local validation/handoff report; useful but generated.","docs","yes","False",""
"Output/reports/code_refresh/stage4_reference_update_report.csv","current_handoff_report","Local validation/handoff report; useful but generated.","docs","yes","False",""
"Output/reports/code_refresh/stage4_script_rename_plan.csv","current_handoff_report","Local validation/handoff report; useful but generated.","docs","yes","False",""
"Output/reports/code_refresh/stage4_spine_runner_handoff.md","current_handoff_report","Local validation/handoff report; useful but generated.","docs","yes","False",""
"Output/reports/code_refresh/stage4_static_check_results.csv","current_handoff_report","Local validation/handoff report; useful but generated.","docs","yes","False",""
"Output/reports/code_refresh/stage5_git_status_report.md","current_handoff_report","Local validation/handoff report; useful but generated.","docs","yes","False",""
"Output/reports/Gayini_analysis_spine.csv","current_review_deck_asset","Current review/deck asset or referenced by deck register.","deck_asset_register","yes","False",""
"Output/reports/gayini_analysis_workflow_summary_notes.md","current_review_deck_asset","Current review/deck asset or referenced by deck register.","deck_asset_register","yes","False",""
"Output/reports/Gayini_master_variable_and_output_register_20260615.xlsx","current_manifest_or_register","Manifest/register supports traceability.","docs","yes","False",""
"Output/reports/Gayini_ppt_asset_register.csv","current_manifest_or_register","Manifest/register supports traceability.","active_script","yes","False",""
"Output/reports/Gayini_ppt_missing_assets.csv","current_supporting","Report output.","active_script","yes","False",""
"Output/reports/Gayini_presentation_and_workshop_plan_20260615.xlsx","current_supporting","Report output.","docs","yes","False",""
"Output/reports/Gayini_questions_for_Adrian.csv","current_review_deck_asset","Current review/deck asset or referenced by deck register.","deck_asset_register","yes","False",""
"Output/reports/Gayini_review_key_figure_manifest.csv","current_review_deck_asset","Current review/deck asset or referenced by deck register.","deck_asset_register","yes","False",""
"Output/reports/Gayini_review_package_handoff.md","current_review_deck_asset","Current review/deck asset or referenced by deck register.","deck_asset_register","yes","False",""
"Output/reports/Gayini_review_variable_LUT.csv","current_review_deck_asset","Current review/deck asset or referenced by deck register.","deck_asset_register","yes","False",""
"Output/reports/Gayini_story_structure.md","current_review_deck_asset","Current review/deck asset or referenced by deck register.","deck_asset_register","yes","False",""
"Output/reports/Gayini_Workflow.png","current_supporting","Report output.","docs","yes","False",""
"Output/reports/MER/flow_mer_repo_comparison_and_raster_plan_20260627.md","current_mer_report_or_table","Current MER table/report output.","docs","yes","False",""
"Output/reports/MER/Gayini_MER_analysis_review_deck.pptx","current_mer_report_or_table","Current MER table/report output.","active_script","yes","False",""
"Output/reports/MER/Gayini_MER_analysis_review_deck.pptx.inspect.ndjson","current_mer_report_or_table","Current MER table/report output.","docs","yes","False",""
"Output/reports/MER/Gayini_MER_analysis_workbook.xlsx","current_mer_report_or_table","Current MER table/report output.","active_script","yes","False",""
"Output/reports/MER/Gayini_MER_analysis_workbook.xlsx.inspect.ndjson","current_mer_report_or_table","Current MER table/report output.","docs","yes","False",""
"Output/reports/MER/Gayini_MER_methods_and_interpretation_note.docx","current_mer_report_or_table","Current MER table/report output.","active_script","yes","False",""
"Output/reports/MER/Gayini_MER_raster_methods_note.md","current_mer_report_or_table","Current MER table/report output.","docs","yes","False",""
"Output/reports/MER/mer_raster_grid_alignment_policy.md","current_mer_report_or_table","Current MER table/report output.","docs","yes","False",""
"Output/reports/MER/task_10_mer_raster_census_and_smoke_test_handoff.md","current_mer_report_or_table","Current MER table/report output.","docs","yes","False",""
"Output/reports/MER/task_12_mer_annual_max_raster_build_handoff.md","current_mer_report_or_table","Current MER table/report output.","docs","yes","False",""
"Output/reports/MER/task_9_mer_package_handoff.md","current_mer_report_or_table","Current MER table/report output.","docs","yes","False",""
"Output/reports/output_audit/current_handoff_output_set.csv","current_handoff_report","Generated by this output audit; ignored by Git.","docs","yes","False",""
"Output/reports/output_audit/output_classification.csv","current_handoff_report","Generated by this output audit; ignored by Git.","docs","yes","False",""
"Output/reports/output_audit/output_classification_summary.csv","current_handoff_report","Generated by this output audit; ignored by Git.","docs","yes","False",""
"Output/reports/output_audit/output_cleanup_archive_manifest_20260629.csv","current_handoff_report","Generated by this output audit; ignored by Git.","docs","yes","False",""
"Output/reports/output_audit/output_cleanup_candidates.csv","current_handoff_report","Generated by this output audit; ignored by Git.","docs","yes","False",""
"Output/reports/output_audit/output_cleanup_dry_run_actions.csv","current_handoff_report","Generated by this output audit; ignored by Git.","docs","yes","False",""
"Output/reports/output_audit/output_cleanup_dry_run_report.md","current_handoff_report","Generated by this output audit; ignored by Git.","docs","yes","False",""
"Output/reports/output_audit/output_cleanup_execution_actions.csv","current_handoff_report","Generated by this output audit; ignored by Git.","docs","yes","False",""
"Output/reports/output_audit/output_cleanup_execution_report.md","current_handoff_report","Generated by this output audit; ignored by Git.","docs","yes","False",""
"Output/reports/output_audit/output_family_latest_index.csv","current_handoff_report","Generated by this output audit; ignored by Git.","docs","yes","False",""
"Output/reports/output_audit/output_file_inventory.csv","current_handoff_report","Generated by this output audit; ignored by Git.","docs","yes","False",""
"Output/reports/output_audit/output_reference_index.csv","current_handoff_report","Generated by this output audit; ignored by Git.","docs","yes","False",""
"Output/reports/output_audit/proposed_output_structure.md","current_handoff_report","Generated by this output audit; ignored by Git.","docs","yes","False",""
"Output/reports/output_audit/stage6_git_status_report.md","current_handoff_report","Generated by this output audit; ignored by Git.","docs","yes","False",""
"Output/reports/output_audit/stage6_output_audit_handoff.md","current_handoff_report","Generated by this output audit; ignored by Git.","docs","yes","False",""
"Output/reports/recent_mer_run_changes_20260623_manifest.csv","current_manifest_or_register","Manifest/register supports traceability.","docs","yes","False",""
"Output/reports/repo_acceptance/repo_acceptance_audit.csv","current_handoff_report","Local validation/handoff report; useful but generated.","docs","yes","False",""
"Output/reports/repo_acceptance/repo_acceptance_audit.md","current_handoff_report","Local validation/handoff report; useful but generated.","docs","yes","False",""
"Output/reports/repo_acceptance/repo_acceptance_failures.csv","current_handoff_report","Local validation/handoff report; useful but generated.","docs","yes","False",""
"Output/reports/repo_acceptance/repo_acceptance_file_inventory.csv","current_handoff_report","Local validation/handoff report; useful but generated.","docs","yes","False",""
"Output/reports/repo_acceptance/script_comment_audit.csv","current_handoff_report","Local validation/handoff report; useful but generated.","docs","yes","False",""
"Output/reports/repo_acceptance/script_header_audit.csv","current_handoff_report","Local validation/handoff report; useful but generated.","docs","yes","False",""
"Output/reports/repo_acceptance/stage5_github_push_report.md","current_handoff_report","Local validation/handoff report; useful but generated.","docs","yes","False",""
"Output/reports/repo_acceptance/stage5_repo_acceptance_handoff.md","current_handoff_report","Local validation/handoff report; useful but generated.","docs","yes","False",""
"Output/reports/spine_smoke_test/spine_smoke_test_report.md","current_handoff_report","Local validation/handoff report; useful but generated.","docs","yes","False",""
"Output/reports/spine_smoke_test/spine_smoke_test_results.csv","current_handoff_report","Local validation/handoff report; useful but generated.","docs","yes","False",""
"Output/reports/task_1_veg_groups_treed_grazing_handoff.md","current_review_deck_asset","Current review/deck asset or referenced by deck register.","deck_asset_register","yes","False",""
"Output/reports/task_2_gauge_integration_handoff.md","current_review_deck_asset","Current review/deck asset or referenced by deck register.","deck_asset_register","yes","False",""
"Output/reports/task_3_background_flood_pattern_handoff.md","current_review_deck_asset","Current review/deck asset or referenced by deck register.","deck_asset_register","yes","False",""
"Output/reports/task_4_mer_metric_consolidation_handoff.md","current_review_deck_asset","Current review/deck asset or referenced by deck register.","deck_asset_register","yes","False",""
